Czas w sekundach;Wartość funkcji celu
0;5802
50 211
167 328
55 216
251 412
121 282
257 418
134 295
141 302
312 473
314 475
106 267
40 201
182 343
131 292
273 434
160 321
17 178
311 472
170 331
2 163
59 220
12 173
96 257
143 304
118 279
183 344
281 442
141 302
51 212
277 438
305 466
49 210
199 360
48 209
63 224
70 231
140 301
239 400
106 267
129 290
71 232
148 309
16 177
55 216
314 475
190 351
182 343
275 436
273 434
16 177
176 337
270 431
237 398
45 206
321 482
137 298
275 436
263 424
263 424
67 228
110 271
38 199
110 271
199 360
44 205
322 483
262 423
255 416
44 205
200 361
161 322
95 256
295 456
56 217
288 449
221 382
240 401
268 429
44 205
215 376
217 378
251 412
269 430
256 417
70 231
160 321
30 191
316 477
2 163
170 331
172 333
265 426
185 346
88 249
113 274
62 223
115 276
306 467
117 278
66 227
221 382
318 479
258 419
158 319
46 207
209 370
292 453
60 221
19 180
284 445
270 431
119 280
286 447
52 213
61 222
114 275
151 312
274 435
135 296
285 446
87 248
115 276
180 341
179 340
62 223
123 284
310 471
318 479
59 220
44 205
51 212
136 297
51 212
161 322
80 241
158 319
269 430
256 417
301 462
173 334
50 211
238 399
235 396
39 200
172 333
222 383
70 231
314 475
81 242
158 319
191 352
204 365
124 285
133 294
304 465
49 210
216 377
321 482
67 228
214 375
14 175
5 166
51 212
68 229
302 463
168 329
41 202
316 477
201 362
39 200
185 346
268 429
1;5642
150 311
194 355
95 256
156 317
139 300
269 430
25 186
135 296
13 174
10 171
185 346
265 426
147 308
256 417
161 322
59 220
288 449
320 481
263 424
290 451
7 168
166 327
126 287
22 183
256 417
284 445
34 195
150 311
4 165
66 227
0 161
295 456
186 347
312 473
72 233
4 165
167 328
129 290
215 376
80 241
96 257
259 420
75 236
74 235
258 419
288 449
211 372
269 430
129 290
37 198
111 272
62 223
219 380
9 170
209 370
224 385
294 455
212 373
245 406
10 171
10 171
256 417
231 392
144 305
12 173
64 225
265 426
177 338
114 275
113 274
73 234
171 332
178 339
198 359
208 369
38 199
224 385
168 329
153 314
139 300
47 208
226 387
101 262
112 273
89 250
89 250
224 385
85 246
145 306
202 363
1 162
291 452
123 284
286 447
112 273
64 225
33 194
117 278
231 392
67 228
250 411
232 393
32 193
112 273
108 269
69 230
176 337
316 477
114 275
162 323
175 336
61 222
58 219
310 471
79 240
47 208
229 390
132 293
176 337
151 312
137 298
149 310
244 405
39 200
35 196
300 461
166 327
59 220
242 403
222 383
202 363
32 193
251 412
299 460
275 436
9 170
96 257
194 355
151 312
107 268
260 421
23 184
137 298
253 414
239 400
175 336
151 312
1 162
103 264
78 239
39 200
139 300
33 194
4 165
157 318
183 344
87 248
119 280
253 414
55 216
287 448
238 399
97 258
110 271
261 422
159 320
51 212
77 238
295 456
85 246
158 319
0 161
185 346
320 481
317 478
211 372
43 204
168 329
143 304
149 310
180 341
153 314
5 166
203 364
100 261
61 222
2;5626
285 446
319 480
70 231
34 195
170 331
20 181
15 176
167 328
121 282
304 465
126 287
224 385
45 206
105 266
269 430
276 437
109 270
29 190
183 344
52 213
150 311
72 233
122 283
21 182
81 242
161 322
190 351
5 166
317 478
307 468
288 449
101 262
248 409
298 459
287 448
245 406
160 321
157 318
250 411
129 290
44 205
50 211
39 200
163 324
234 395
154 315
142 303
171 332
62 223
193 354
92 253
112 273
5 166
97 258
248 409
252 413
220 381
17 178
160 321
190 351
254 415
150 311
225 386
152 313
200 361
59 220
224 385
313 474
50 211
13 174
243 404
185 346
194 355
267 428
48 209
250 411
20 181
110 271
182 343
159 320
4 165
314 475
189 350
222 383
26 187
271 432
176 337
100 261
181 342
161 322
102 263
286 447
258 419
11 172
177 338
58 219
48 209
143 304
159 320
42 203
62 223
166 327
217 378
76 237
167 328
315 476
302 463
173 334
267 428
267 428
303 464
268 429
207 368
96 257
177 338
73 234
67 228
28 189
179 340
68 229
57 218
33 194
197 358
244 405
98 259
184 345
310 471
147 308
272 433
202 363
68 229
147 308
265 426
312 473
14 175
2 163
311 472
12 173
15 176
217 378
299 460
8 169
206 367
304 465
75 236
25 186
51 212
83 244
258 419
240 401
223 384
125 286
88 249
282 443
191 352
256 417
36 197
84 245
50 211
63 224
319 480
117 278
80 241
199 360
50 211
292 453
258 419
278 439
3;5552
315 476
16 177
221 382
194 355
192 353
314 475
9 170
274 435
92 253
81 242
205 366
171 332
184 345
301 462
143 304
165 326
170 331
107 268
278 439
89 250
162 323
237 398
317 478
150 311
268 429
87 248
125 286
140 301
186 347
22 183
294 455
47 208
192 353
245 406
13 174
204 365
176 337
10 171
116 277
176 337
194 355
3 164
148 309
315 476
316 477
39 200
144 305
246 407
10 171
290 451
225 386
82 243
101 262
298 459
82 243
152 313
110 271
18 179
306 467
267 428
134 295
45 206
142 303
3 164
322 483
313 474
0 161
6 167
211 372
217 378
152 313
67 228
287 448
34 195
221 382
143 304
27 188
265 426
173 334
48 209
250 411
151 312
321 482
297 458
304 465
185 346
44 205
292 453
187 348
0 161
129 290
45 206
127 288
141 302
157 318
0 161
196 357
280 441
218 379
218 379
246 407
204 365
131 292
199 360
224 385
141 302
41 202
227 388
64 225
183 344
57 218
43 204
79 240
166 327
93 254
270 431
41 202
290 451
104 265
123 284
91 252
313 474
178 339
115 276
164 325
167 328
278 439
296 457
252 413
9 170
54 215
119 280
134 295
258 419
13 174
83 244
20 181
260 421
212 373
275 436
42 203
287 448
69 230
45 206
112 273
32 193
245 406
231 392
65 226
257 418
264 425
168 329
31 192
16 177
51 212
287 448
14 175
284 445
0 161
320 481
181 342
169 330
220 381
228 389
13 174
318 479
70 231
300 461
233 394
59 220
191 352
50 211
168 329
166 327
296 457
291 452
189 350
93 254
52 213
114 275
258 419
39 200
269 430
313 474
5 166
182 343
197 358
80 241
251 412
82 243
170 331
27 188
4;5552
286 447
299 460
34 195
55 216
277 438
35 196
285 446
273 434
280 441
243 404
261 422
269 430
84 245
188 349
322 483
193 354
150 311
240 401
148 309
188 349
286 447
99 260
15 176
33 194
155 316
282 443
93 254
152 313
190 351
320 481
225 386
147 308
264 425
243 404
53 214
33 194
31 192
56 217
144 305
240 401
244 405
281 442
59 220
182 343
142 303
58 219
277 438
111 272
306 467
76 237
122 283
63 224
93 254
278 439
38 199
154 315
199 360
50 211
93 254
112 273
113 274
54 215
279 440
113 274
196 357
49 210
145 306
198 359
65 226
154 315
179 340
38 199
74 235
307 468
165 326
79 240
272 433
100 261
108 269
291 452
277 438
145 306
144 305
158 319
34 195
62 223
94 255
155 316
246 407
265 426
82 243
163 324
222 383
95 256
212 373
86 247
124 285
57 218
175 336
131 292
291 452
229 390
277 438
174 335
237 398
307 468
237 398
268 429
312 473
260 421
228 389
223 384
267 428
165 326
55 216
123 284
107 268
157 318
7 168
100 261
256 417
38 199
70 231
116 277
162 323
247 408
114 275
72 233
228 389
168 329
304 465
10 171
170 331
290 451
22 183
59 220
236 397
144 305
213 374
174 335
161 322
31 192
26 187
230 391
63 224
188 349
157 318
270 431
273 434
58 219
204 365
305 466
215 376
302 463
38 199
200 361
113 274
118 279
290 451
23 184
62 223
276 437
147 308
148 309
277 438
280 441
322 483
245 406
195 356
73 234
228 389
165 326
194 355
43 204
170 331
168 329
5;5552
310 471
308 469
289 450
250 411
174 335
309 470
0 161
162 323
224 385
195 356
142 303
205 366
310 471
260 421
42 203
261 422
22 183
48 209
150 311
221 382
219 380
116 277
161 322
295 456
279 440
187 348
276 437
250 411
107 268
71 232
77 238
311 472
154 315
22 183
172 333
209 370
276 437
56 217
190 351
53 214
99 260
46 207
314 475
22 183
166 327
275 436
81 242
57 218
74 235
234 395
273 434
86 247
18 179
281 442
37 198
205 366
303 464
114 275
218 379
311 472
307 468
255 416
218 379
181 342
127 288
134 295
174 335
112 273
275 436
31 192
136 297
170 331
172 333
157 318
29 190
239 400
287 448
114 275
23 184
182 343
284 445
318 479
85 246
6 167
231 392
143 304
139 300
154 315
252 413
140 301
215 376
319 480
315 476
186 347
189 350
313 474
219 380
135 296
282 443
10 171
249 410
179 340
94 255
122 283
280 441
241 402
235 396
303 464
145 306
20 181
112 273
107 268
304 465
116 277
98 259
186 347
193 354
43 204
205 366
145 306
35 196
321 482
73 234
189 350
208 369
273 434
126 287
125 286
218 379
86 247
116 277
104 265
65 226
160 321
275 436
255 416
124 285
262 423
137 298
118 279
116 277
6;5552
100 261
223 384
198 359
175 336
92 253
93 254
36 197
147 308
114 275
193 354
217 378
32 193
272 433
203 364
58 219
83 244
12 173
114 275
82 243
273 434
306 467
200 361
284 445
110 271
115 276
258 419
212 373
78 239
75 236
161 322
149 310
174 335
153 314
166 327
12 173
272 433
173 334
305 466
288 449
288 449
140 301
276 437
285 446
60 221
50 211
162 323
257 418
189 350
153 314
207 368
90 251
26 187
272 433
183 344
100 261
21 182
179 340
140 301
96 257
88 249
101 262
125 286
137 298
62 223
47 208
216 377
1 162
114 275
12 173
221 382
260 421
269 430
172 333
51 212
148 309
188 349
241 402
241 402
178 339
229 390
50 211
104 265
294 455
193 354
64 225
27 188
117 278
42 203
244 405
32 193
273 434
305 466
33 194
272 433
60 221
32 193
276 437
194 355
46 207
77 238
105 266
65 226
36 197
315 476
140 301
176 337
47 208
166 327
260 421
22 183
148 309
125 286
129 290
151 312
183 344
317 478
269 430
216 377
281 442
310 471
185 346
136 297
5 166
237 398
190 351
304 465
236 397
96 257
123 284
175 336
299 460
256 417
34 195
198 359
188 349
183 344
311 472
259 420
168 329
20 181
204 365
211 372
28 189
107 268
50 211
159 320
295 456
239 400
282 443
320 481
13 174
20 181
271 432
14 175
121 282
266 427
40 201
74 235
51 212
194 355
188 349
312 473
313 474
166 327
249 410
1 162
30 191
178 339
201 362
248 409
140 301
47 208
199 360
142 303
261 422
132 293
249 410
23 184
109 270
261 422
261 422
73 234
193 354
315 476
245 406
248 409
279 440
162 323
43 204
300 461
86 247
90 251
231 392
136 297
129 290
321 482
231 392
292 453
309 470
199 360
207 368
7;5552
142 303
136 297
128 289
134 295
222 383
206 367
8 169
128 289
187 348
225 386
208 369
31 192
233 394
269 430
243 404
183 344
43 204
217 378
71 232
223 384
172 333
227 388
127 288
298 459
130 291
240 401
272 433
154 315
128 289
83 244
304 465
151 312
105 266
166 327
178 339
241 402
238 399
8 169
229 390
76 237
82 243
314 475
291 452
217 378
67 228
238 399
205 366
16 177
202 363
165 326
88 249
208 369
296 457
298 459
306 467
62 223
153 314
321 482
95 256
259 420
272 433
264 425
210 371
283 444
178 339
16 177
96 257
246 407
236 397
102 263
311 472
165 326
105 266
19 180
61 222
34 195
76 237
101 262
47 208
195 356
17 178
133 294
210 371
270 431
122 283
154 315
238 399
75 236
213 374
79 240
154 315
9 170
52 213
10 171
201 362
285 446
39 200
13 174
241 402
116 277
292 453
14 175
290 451
234 395
186 347
193 354
169 330
308 469
257 418
260 421
88 249
28 189
82 243
207 368
133 294
301 462
154 315
229 390
34 195
158 319
127 288
256 417
206 367
151 312
144 305
211 372
276 437
68 229
75 236
205 366
23 184
130 291
143 304
290 451
285 446
295 456
304 465
125 286
104 265
230 391
104 265
142 303
244 405
57 218
239 400
261 422
292 453
64 225
248 409
57 218
114 275
319 480
10 171
162 323
8;5552
215 376
309 470
97 258
18 179
234 395
28 189
218 379
36 197
198 359
206 367
223 384
38 199
115 276
222 383
209 370
255 416
124 285
155 316
100 261
284 445
41 202
280 441
278 439
83 244
211 372
127 288
266 427
173 334
173 334
155 316
250 411
237 398
28 189
59 220
177 338
218 379
226 387
103 264
195 356
275 436
251 412
104 265
127 288
268 429
78 239
310 471
169 330
155 316
287 448
27 188
294 455
165 326
253 414
133 294
13 174
236 397
31 192
148 309
239 400
242 403
185 346
257 418
252 413
292 453
121 282
307 468
66 227
277 438
98 259
185 346
313 474
264 425
217 378
276 437
160 321
48 209
289 450
281 442
114 275
168 329
90 251
228 389
62 223
266 427
278 439
172 333
219 380
145 306
8 169
268 429
189 350
319 480
279 440
303 464
125 286
318 479
124 285
223 384
30 191
109 270
198 359
301 462
141 302
128 289
45 206
172 333
135 296
36 197
315 476
40 201
278 439
26 187
110 271
150 311
159 320
125 286
72 233
248 409
190 351
47 208
77 238
85 246
298 459
97 258
47 208
179 340
120 281
245 406
216 377
314 475
312 473
58 219
270 431
148 309
315 476
298 459
129 290
3 164
242 403
9;5478
58 219
236 397
189 350
209 370
190 351
151 312
20 181
169 330
40 201
254 415
241 402
305 466
235 396
28 189
116 277
106 267
315 476
196 357
315 476
150 311
292 453
4 165
299 460
321 482
298 459
191 352
76 237
97 258
294 455
67 228
42 203
29 190
82 243
151 312
311 472
170 331
88 249
33 194
77 238
39 200
304 465
39 200
85 246
18 179
209 370
151 312
66 227
279 440
21 182
159 320
103 264
149 310
76 237
74 235
28 189
221 382
68 229
32 193
237 398
289 450
121 282
92 253
257 418
99 260
285 446
319 480
103 264
153 314
9 170
255 416
13 174
318 479
292 453
229 390
166 327
265 426
183 344
146 307
119 280
265 426
238 399
84 245
234 395
180 341
66 227
265 426
119 280
56 217
184 345
308 469
269 430
106 267
288 449
36 197
42 203
270 431
67 228
191 352
7 168
132 293
22 183
219 380
126 287
321 482
100 261
288 449
21 182
274 435
127 288
227 388
91 252
273 434
70 231
76 237
182 343
264 425
187 348
317 478
17 178
218 379
96 257
204 365
164 325
315 476
190 351
218 379
22 183
38 199
50 211
114 275
112 273
19 180
9 170
126 287
309 470
159 320
158 319
103 264
208 369
264 425
13 174
270 431
315 476
28 189
14 175
229 390
161 322
66 227
27 188
274 435
137 298
57 218
273 434
268 429
207 368
27 188
56 217
249 410
94 255
45 206
89 250
58 219
239 400
201 362
49 210
59 220
20 181
41 202
296 457
39 200
142 303
204 365
179 340
175 336
196 357
171 332
274 435
101 262
38 199
103 264
281 442
1 162
151 312
182 343
173 334
50 211
249 410
10;5478
211 372
97 258
302 463
36 197
26 187
242 403
202 363
269 430
48 209
291 452
33 194
129 290
207 368
264 425
53 214
91 252
103 264
79 240
299 460
197 358
101 262
3 164
202 363
59 220
205 366
69 230
80 241
175 336
92 253
231 392
264 425
203 364
166 327
15 176
37 198
166 327
3 164
120 281
94 255
225 386
128 289
191 352
127 288
246 407
259 420
129 290
156 317
319 480
221 382
184 345
254 415
111 272
5 166
112 273
13 174
26 187
170 331
176 337
63 224
155 316
72 233
105 266
319 480
287 448
158 319
276 437
140 301
233 394
54 215
95 256
147 308
132 293
297 458
260 421
216 377
252 413
185 346
30 191
306 467
48 209
36 197
209 370
285 446
135 296
104 265
11 172
17 178
56 217
15 176
4 165
237 398
152 313
217 378
19 180
85 246
6 167
195 356
43 204
1 162
219 380
239 400
151 312
222 383
129 290
11 172
88 249
172 333
237 398
94 255
143 304
95 256
172 333
193 354
57 218
42 203
190 351
128 289
223 384
31 192
188 349
271 432
238 399
223 384
169 330
245 406
59 220
298 459
130 291
294 455
77 238
285 446
307 468
194 355
310 471
218 379
249 410
282 443
103 264
224 385
38 199
71 232
226 387
189 350
113 274
204 365
306 467
104 265
274 435
37 198
235 396
205 366
314 475
148 309
140 301
152 313
28 189
33 194
133 294
66 227
62 223
107 268
158 319
108 269
189 350
160 321
32 193
11;5478
302 463
97 258
12 173
122 283
275 436
149 310
310 471
306 467
75 236
32 193
150 311
258 419
120 281
290 451
221 382
152 313
142 303
18 179
141 302
76 237
154 315
229 390
135 296
161 322
136 297
64 225
32 193
273 434
70 231
317 478
173 334
184 345
201 362
251 412
302 463
238 399
271 432
143 304
45 206
232 393
260 421
148 309
83 244
108 269
146 307
134 295
106 267
252 413
285 446
247 408
274 435
226 387
268 429
21 182
194 355
215 376
291 452
236 397
60 221
247 408
201 362
111 272
71 232
171 332
289 450
22 183
74 235
127 288
177 338
115 276
174 335
96 257
145 306
260 421
206 367
110 271
56 217
234 395
280 441
246 407
75 236
71 232
211 372
207 368
128 289
268 429
228 389
56 217
9 170
11 172
263 424
8 169
132 293
69 230
15 176
41 202
214 375
277 438
140 301
28 189
109 270
312 473
19 180
197 358
125 286
124 285
53 214
142 303
299 460
300 461
261 422
88 249
119 280
18 179
92 253
302 463
245 406
241 402
167 328
15 176
300 461
145 306
133 294
165 326
52 213
94 255
119 280
100 261
290 451
290 451
198 359
188 349
126 287
272 433
285 446
257 418
140 301
275 436
296 457
244 405
196 357
243 404
257 418
131 292
249 410
283 444
169 330
29 190
2 163
169 330
157 318
14 175
44 205
12;5478
34 195
286 447
104 265
206 367
179 340
249 410
118 279
224 385
277 438
248 409
208 369
217 378
180 341
154 315
147 308
144 305
67 228
314 475
204 365
91 252
258 419
152 313
278 439
307 468
275 436
134 295
298 459
319 480
222 383
150 311
257 418
249 410
1 162
208 369
242 403
271 432
122 283
168 329
193 354
20 181
129 290
288 449
316 477
119 280
82 243
147 308
101 262
170 331
83 244
198 359
105 266
27 188
71 232
248 409
138 299
188 349
261 422
37 198
311 472
118 279
152 313
40 201
4 165
41 202
100 261
116 277
48 209
113 274
9 170
198 359
28 189
235 396
12 173
136 297
67 228
305 466
125 286
214 375
118 279
75 236
134 295
147 308
199 360
265 426
244 405
60 221
94 255
23 184
199 360
28 189
119 280
307 468
15 176
192 353
61 222
279 440
116 277
185 346
235 396
201 362
208 369
97 258
127 288
39 200
177 338
45 206
75 236
202 363
279 440
27 188
39 200
252 413
262 423
76 237
27 188
59 220
30 191
210 371
136 297
283 444
34 195
231 392
238 399
218 379
53 214
187 348
195 356
138 299
107 268
278 439
98 259
20 181
182 343
114 275
103 264
231 392
60 221
54 215
63 224
282 443
33 194
237 398
97 258
257 418
176 337
109 270
1 162
154 315
92 253
168 329
157 318
151 312
187 348
14 175
33 194
38 199
31 192
117 278
248 409
19 180
78 239
300 461
115 276
13;5478
83 244
204 365
194 355
80 241
102 263
291 452
305 466
36 197
12 173
109 270
312 473
236 397
38 199
69 230
184 345
255 416
179 340
236 397
28 189
106 267
210 371
236 397
22 183
135 296
250 411
57 218
41 202
70 231
70 231
309 470
216 377
35 196
285 446
21 182
130 291
217 378
117 278
316 477
283 444
214 375
39 200
311 472
171 332
120 281
173 334
231 392
205 366
244 405
279 440
64 225
292 453
235 396
171 332
271 432
306 467
31 192
121 282
73 234
93 254
228 389
137 298
263 424
29 190
304 465
147 308
170 331
306 467
298 459
244 405
274 435
0 161
192 353
317 478
313 474
259 420
52 213
170 331
321 482
103 264
98 259
291 452
312 473
73 234
194 355
229 390
292 453
127 288
3 164
30 191
81 242
200 361
125 286
263 424
234 395
260 421
67 228
62 223
135 296
270 431
287 448
73 234
80 241
161 322
284 445
293 454
320 481
268 429
306 467
218 379
272 433
288 449
291 452
284 445
219 380
225 386
74 235
249 410
95 256
190 351
30 191
185 346
150 311
281 442
58 219
74 235
13 174
38 199
137 298
6 167
114 275
163 324
86 247
215 376
126 287
257 418
235 396
55 216
168 329
164 325
72 233
27 188
25 186
123 284
228 389
170 331
204 365
48 209
267 428
18 179
94 255
212 373
155 316
100 261
23 184
146 307
83 244
108 269
23 184
316 477
319 480
218 379
175 336
128 289
201 362
202 363
194 355
113 274
152 313
9 170
20 181
320 481
74 235
95 256
175 336
251 412
228 389
60 221
295 456
150 311
216 377
292 453
206 367
122 283
272 433
246 407
297 458
288 449
240 401
178 339
235 396
8 169
73 234
151 312
8 169
29 190
296 457
322 483
44 205
14;5478
21 182
165 326
69 230
195 356
215 376
35 196
245 406
195 356
23 184
85 246
308 469
193 354
209 370
23 184
318 479
284 445
262 423
48 209
119 280
151 312
233 394
128 289
191 352
236 397
12 173
163 324
0 161
145 306
1 162
127 288
278 439
123 284
39 200
170 331
178 339
108 269
69 230
247 408
215 376
88 249
162 323
319 480
232 393
207 368
111 272
122 283
86 247
74 235
236 397
180 341
125 286
276 437
142 303
152 313
225 386
292 453
170 331
316 477
128 289
116 277
272 433
156 317
322 483
102 263
135 296
173 334
110 271
124 285
123 284
131 292
263 424
81 242
37 198
312 473
3 164
218 379
169 330
40 201
289 450
12 173
58 219
138 299
315 476
145 306
236 397
309 470
318 479
119 280
225 386
222 383
282 443
308 469
255 416
177 338
56 217
318 479
158 319
301 462
10 171
32 193
139 300
167 328
307 468
254 415
123 284
109 270
310 471
191 352
152 313
61 222
21 182
262 423
76 237
295 456
85 246
178 339
33 194
40 201
286 447
109 270
68 229
175 336
6 167
81 242
123 284
204 365
160 321
190 351
17 178
291 452
193 354
221 382
9 170
154 315
307 468
293 454
55 216
33 194
247 408
257 418
208 369
302 463
292 453
318 479
284 445
88 249
204 365
143 304
83 244
40 201
236 397
296 457
268 429
3 164
258 419
16 177
72 233
252 413
48 209
183 344
277 438
248 409
91 252
72 233
252 413
70 231
245 406
273 434
98 259
291 452
61 222
55 216
236 397
298 459
189 350
17 178
162 323
282 443
309 470
30 191
110 271
292 453
15;5478
211 372
119 280
301 462
4 165
0 161
263 424
231 392
269 430
49 210
63 224
215 376
223 384
68 229
24 185
101 262
9 170
35 196
235 396
155 316
210 371
322 483
187 348
98 259
266 427
231 392
131 292
261 422
98 259
149 310
29 190
201 362
1 162
293 454
47 208
49 210
216 377
205 366
214 375
134 295
54 215
185 346
238 399
164 325
229 390
57 218
217 378
156 317
232 393
147 308
234 395
293 454
43 204
275 436
187 348
152 313
231 392
79 240
80 241
69 230
192 353
246 407
22 183
99 260
134 295
126 287
228 389
112 273
237 398
158 319
119 280
266 427
33 194
228 389
193 354
151 312
213 374
1 162
29 190
212 373
184 345
170 331
264 425
219 380
173 334
152 313
38 199
205 366
270 431
132 293
269 430
308 469
18 179
294 455
166 327
74 235
299 460
249 410
72 233
181 342
45 206
148 309
134 295
88 249
236 397
308 469
183 344
54 215
23 184
157 318
41 202
192 353
163 324
270 431
129 290
159 320
187 348
154 315
304 465
92 253
44 205
225 386
247 408
278 439
56 217
27 188
45 206
307 468
128 289
84 245
73 234
264 425
277 438
202 363
97 258
229 390
253 414
303 464
139 300
272 433
194 355
130 291
87 248
28 189
78 239
272 433
11 172
103 264
47 208
35 196
300 461
248 409
202 363
65 226
107 268
234 395
265 426
80 241
149 310
198 359
198 359
102 263
121 282
154 315
56 217
296 457
264 425
3 164
13 174
262 423
20 181
128 289
84 245
160 321
322 483
18 179
220 381
308 469
180 341
318 479
304 465
178 339
98 259
28 189
144 305
108 269
309 470
84 245
214 375
232 393
42 203
194 355
62 223
114 275
129 290
201 362
147 308
77 238
56 217
59 220
194 355
16;5478
102 263
277 438
225 386
130 291
316 477
147 308
143 304
209 370
281 442
31 192
81 242
249 410
55 216
1 162
258 419
27 188
247 408
245 406
163 324
42 203
272 433
248 409
115 276
6 167
172 333
187 348
121 282
106 267
256 417
120 281
306 467
176 337
131 292
211 372
214 375
277 438
271 432
75 236
29 190
42 203
312 473
55 216
229 390
122 283
186 347
128 289
131 292
215 376
186 347
7 168
52 213
153 314
11 172
243 404
152 313
313 474
210 371
193 354
224 385
21 182
103 264
195 356
3 164
297 458
197 358
1 162
270 431
276 437
247 408
166 327
289 450
176 337
220 381
141 302
181 342
129 290
151 312
316 477
271 432
125 286
108 269
30 191
251 412
165 326
79 240
301 462
56 217
179 340
1 162
84 245
29 190
201 362
88 249
110 271
7 168
41 202
47 208
199 360
98 259
63 224
195 356
163 324
109 270
35 196
7 168
100 261
272 433
196 357
46 207
150 311
265 426
213 374
322 483
117 278
259 420
94 255
60 221
230 391
194 355
5 166
80 241
45 206
180 341
163 324
251 412
200 361
123 284
94 255
228 389
256 417
128 289
259 420
271 432
234 395
115 276
225 386
314 475
308 469
32 193
180 341
17;5478
307 468
148 309
302 463
155 316
302 463
68 229
301 462
152 313
130 291
88 249
200 361
75 236
82 243
319 480
213 374
161 322
232 393
50 211
113 274
95 256
173 334
143 304
258 419
291 452
225 386
112 273
316 477
236 397
199 360
268 429
316 477
219 380
131 292
70 231
21 182
53 214
103 264
147 308
92 253
16 177
127 288
202 363
152 313
255 416
40 201
259 420
24 185
178 339
47 208
280 441
179 340
76 237
241 402
133 294
63 224
157 318
305 466
108 269
297 458
314 475
169 330
197 358
38 199
304 465
49 210
63 224
191 352
226 387
73 234
220 381
161 322
310 471
289 450
93 254
156 317
193 354
170 331
0 161
283 444
112 273
204 365
41 202
299 460
291 452
240 401
104 265
232 393
304 465
287 448
81 242
90 251
19 180
80 241
276 437
95 256
247 408
301 462
196 357
124 285
165 326
236 397
164 325
221 382
200 361
203 364
37 198
29 190
95 256
23 184
128 289
25 186
175 336
187 348
167 328
5 166
253 414
284 445
112 273
268 429
169 330
175 336
270 431
159 320
105 266
10 171
47 208
269 430
39 200
205 366
183 344
134 295
150 311
273 434
252 413
0 161
76 237
116 277
16 177
179 340
251 412
36 197
175 336
250 411
212 373
166 327
27 188
22 183
223 384
194 355
96 257
308 469
36 197
209 370
268 429
301 462
56 217
300 461
320 481
294 455
18;5478
101 262
173 334
285 446
167 328
52 213
253 414
289 450
109 270
211 372
25 186
223 384
180 341
252 413
144 305
112 273
76 237
196 357
31 192
58 219
120 281
260 421
168 329
73 234
306 467
134 295
181 342
185 346
140 301
242 403
104 265
253 414
257 418
291 452
154 315
279 440
311 472
272 433
92 253
29 190
212 373
313 474
78 239
70 231
16 177
123 284
41 202
305 466
245 406
274 435
90 251
32 193
297 458
196 357
303 464
40 201
123 284
71 232
211 372
122 283
126 287
313 474
298 459
81 242
312 473
54 215
278 439
124 285
96 257
242 403
134 295
157 318
68 229
40 201
160 321
28 189
104 265
27 188
120 281
253 414
137 298
59 220
172 333
160 321
34 195
197 358
260 421
101 262
248 409
62 223
60 221
263 424
162 323
222 383
144 305
214 375
307 468
101 262
165 326
141 302
188 349
309 470
139 300
131 292
139 300
118 279
45 206
170 331
299 460
70 231
177 338
177 338
289 450
218 379
50 211
19 180
92 253
202 363
212 373
136 297
73 234
24 185
277 438
69 230
109 270
35 196
5 166
135 296
252 413
183 344
70 231
195 356
123 284
151 312
40 201
11 172
17 178
132 293
232 393
149 310
286 447
183 344
157 318
43 204
34 195
238 399
187 348
198 359
217 378
315 476
26 187
161 322
231 392
176 337
200 361
128 289
28 189
16 177
286 447
47 208
119 280
165 326
234 395
96 257
132 293
13 174
19;5478
224 385
166 327
99 260
26 187
303 464
60 221
230 391
280 441
259 420
236 397
177 338
17 178
230 391
164 325
175 336
2 163
142 303
225 386
11 172
258 419
243 404
103 264
103 264
208 369
123 284
262 423
2 163
191 352
217 378
235 396
213 374
12 173
295 456
314 475
198 359
75 236
55 216
288 449
60 221
73 234
113 274
81 242
257 418
176 337
311 472
126 287
292 453
51 212
54 215
255 416
187 348
182 343
178 339
305 466
99 260
134 295
269 430
167 328
60 221
99 260
272 433
203 364
69 230
168 329
212 373
4 165
314 475
12 173
237 398
163 324
284 445
313 474
132 293
12 173
162 323
237 398
186 347
260 421
165 326
44 205
21 182
172 333
160 321
109 270
106 267
212 373
314 475
81 242
49 210
178 339
98 259
233 394
36 197
237 398
271 432
148 309
65 226
255 416
269 430
39 200
308 469
51 212
143 304
165 326
223 384
210 371
241 402
210 371
128 289
2 163
185 346
238 399
214 375
296 457
110 271
253 414
136 297
130 291
309 470
309 470
275 436
242 403
101 262
181 342
157 318
34 195
100 261
98 259
174 335
139 300
65 226
215 376
306 467
47 208
312 473
142 303
88 249
44 205
260 421
290 451
83 244
283 444
37 198
211 372
300 461
152 313
84 245
109 270
123 284
178 339
156 317
112 273
202 363
288 449
120 281
40 201
302 463
288 449
278 439
197 358
293 454
314 475
12 173
297 458
291 452
96 257
77 238
247 408
280 441
6 167
271 432
7 168
207 368
139 300
171 332
218 379
240 401
92 253
73 234
102 263
208 369
238 399
2 163
244 405
245 406
257 418
171 332
149 310
320 481
188 349
83 244
267 428
229 390
132 293
114 275
55 216
277 438
94 255
35 196
306 467
34 195
266 427
20;5450
236 397
132 293
87 248
165 326
257 418
285 446
123 284
69 230
137 298
24 185
18 179
79 240
54 215
200 361
178 339
195 356
295 456
297 458
48 209
246 407
283 444
82 243
258 419
301 462
204 365
46 207
33 194
225 386
119 280
138 299
206 367
108 269
78 239
124 285
146 307
101 262
146 307
31 192
272 433
84 245
134 295
204 365
31 192
111 272
210 371
83 244
116 277
89 250
160 321
296 457
36 197
28 189
160 321
74 235
44 205
230 391
125 286
310 471
41 202
24 185
58 219
195 356
55 216
254 415
261 422
33 194
18 179
118 279
276 437
263 424
261 422
123 284
245 406
148 309
92 253
205 366
249 410
233 394
276 437
71 232
28 189
97 258
308 469
82 243
310 471
171 332
150 311
136 297
134 295
121 282
52 213
78 239
278 439
236 397
258 419
291 452
74 235
189 350
97 258
54 215
209 370
104 265
286 447
111 272
161 322
181 342
139 300
314 475
36 197
300 461
252 413
132 293
294 455
164 325
152 313
317 478
286 447
112 273
163 324
243 404
12 173
211 372
65 226
241 402
58 219
61 222
17 178
207 368
183 344
273 434
60 221
206 367
217 378
312 473
203 364
47 208
123 284
101 262
69 230
170 331
292 453
79 240
151 312
127 288
303 464
26 187
161 322
23 184
66 227
163 324
168 329
77 238
95 256
27 188
236 397
25 186
319 480
262 423
255 416
264 425
38 199
56 217
276 437
117 278
23 184
246 407
258 419
149 310
36 197
106 267
267 428
72 233
140 301
210 371
262 423
285 446
21;5450
211 372
186 347
42 203
316 477
247 408
20 181
302 463
159 320
174 335
171 332
132 293
80 241
221 382
24 185
244 405
226 387
289 450
259 420
54 215
166 327
1 162
87 248
69 230
12 173
210 371
62 223
52 213
68 229
49 210
154 315
293 454
291 452
81 242
34 195
84 245
29 190
41 202
30 191
194 355
114 275
41 202
15 176
171 332
40 201
262 423
160 321
153 314
171 332
124 285
156 317
70 231
288 449
28 189
10 171
134 295
95 256
263 424
151 312
17 178
101 262
98 259
178 339
117 278
291 452
262 423
185 346
159 320
121 282
269 430
93 254
213 374
24 185
131 292
204 365
101 262
130 291
220 381
206 367
79 240
84 245
115 276
6 167
42 203
258 419
195 356
209 370
14 175
292 453
312 473
141 302
292 453
27 188
305 466
35 196
4 165
86 247
302 463
270 431
90 251
5 166
84 245
4 165
197 358
107 268
116 277
117 278
42 203
299 460
196 357
275 436
57 218
105 266
151 312
282 443
226 387
74 235
109 270
299 460
45 206
179 340
82 243
145 306
176 337
257 418
64 225
181 342
275 436
232 393
304 465
247 408
134 295
186 347
247 408
204 365
230 391
67 228
322 483
197 358
92 253
11 172
133 294
162 323
268 429
69 230
89 250
199 360
175 336
206 367
73 234
171 332
36 197
138 299
45 206
318 479
92 253
233 394
56 217
147 308
2 163
24 185
88 249
84 245
274 435
167 328
308 469
4 165
271 432
272 433
165 326
160 321
226 387
282 443
166 327
26 187
148 309
248 409
274 435
124 285
263 424
32 193
160 321
254 415
93 254
205 366
272 433
154 315
212 373
206 367
257 418
231 392
22;5450
94 255
127 288
160 321
69 230
112 273
228 389
211 372
255 416
218 379
292 453
67 228
151 312
8 169
50 211
128 289
47 208
2 163
34 195
84 245
110 271
49 210
276 437
220 381
27 188
26 187
53 214
146 307
75 236
86 247
305 466
157 318
170 331
8 169
245 406
202 363
186 347
11 172
298 459
57 218
275 436
273 434
46 207
218 379
320 481
114 275
204 365
215 376
210 371
114 275
65 226
203 364
192 353
151 312
147 308
38 199
9 170
49 210
9 170
108 269
212 373
167 328
56 217
7 168
274 435
72 233
231 392
151 312
138 299
222 383
138 299
156 317
115 276
131 292
216 377
27 188
113 274
18 179
220 381
88 249
55 216
107 268
136 297
33 194
255 416
186 347
180 341
253 414
235 396
187 348
193 354
76 237
42 203
236 397
139 300
311 472
296 457
147 308
157 318
115 276
317 478
95 256
237 398
175 336
3 164
245 406
221 382
49 210
144 305
205 366
146 307
127 288
193 354
22 183
213 374
138 299
43 204
117 278
299 460
18 179
120 281
152 313
138 299
118 279
64 225
96 257
303 464
128 289
145 306
48 209
145 306
265 426
19 180
145 306
102 263
233 394
225 386
1 162
315 476
62 223
299 460
262 423
20 181
27 188
199 360
232 393
321 482
11 172
8 169
47 208
12 173
60 221
118 279
11 172
202 363
234 395
91 252
110 271
214 375
191 352
39 200
52 213
300 461
258 419
210 371
137 298
17 178
262 423
62 223
210 371
227 388
119 280
259 420
233 394
217 378
200 361
294 455
319 480
96 257
157 318
257 418
257 418
88 249
36 197
211 372
136 297
252 413
281 442
144 305
23;5450
140 301
212 373
47 208
187 348
101 262
81 242
285 446
157 318
93 254
192 353
32 193
285 446
54 215
157 318
226 387
168 329
22 183
121 282
75 236
10 171
4 165
254 415
292 453
295 456
74 235
302 463
84 245
10 171
27 188
320 481
250 411
82 243
269 430
176 337
222 383
255 416
171 332
1 162
5 166
3 164
61 222
71 232
100 261
94 255
132 293
176 337
155 316
56 217
223 384
124 285
240 401
78 239
147 308
213 374
162 323
134 295
42 203
269 430
10 171
122 283
49 210
34 195
302 463
84 245
255 416
186 347
164 325
148 309
161 322
91 252
56 217
238 399
68 229
289 450
150 311
151 312
32 193
218 379
172 333
281 442
301 462
289 450
294 455
311 472
305 466
243 404
240 401
288 449
312 473
113 274
47 208
55 216
245 406
161 322
67 228
5 166
82 243
236 397
313 474
39 200
205 366
216 377
298 459
65 226
196 357
193 354
286 447
284 445
4 165
166 327
303 464
172 333
298 459
278 439
199 360
156 317
298 459
205 366
196 357
28 189
109 270
100 261
6 167
248 409
318 479
115 276
176 337
313 474
202 363
109 270
109 270
31 192
144 305
60 221
11 172
150 311
148 309
15 176
32 193
111 272
248 409
35 196
24 185
6 167
20 181
142 303
317 478
252 413
17 178
81 242
253 414
73 234
18 179
276 437
19 180
221 382
146 307
16 177
110 271
257 418
241 402
139 300
219 380
145 306
156 317
8 169
84 245
180 341
30 191
100 261
241 402
235 396
10 171
120 281
182 343
160 321
87 248
44 205
29 190
320 481
55 216
251 412
110 271
24;5450
203 364
83 244
169 330
155 316
74 235
91 252
186 347
120 281
240 401
56 217
281 442
252 413
121 282
88 249
193 354
70 231
32 193
89 250
185 346
175 336
177 338
69 230
257 418
89 250
62 223
196 357
235 396
97 258
77 238
174 335
22 183
236 397
268 429
301 462
169 330
114 275
39 200
51 212
99 260
242 403
134 295
272 433
29 190
207 368
293 454
131 292
64 225
23 184
249 410
260 421
245 406
134 295
99 260
312 473
55 216
129 290
211 372
272 433
288 449
293 454
129 290
84 245
142 303
176 337
166 327
300 461
170 331
93 254
259 420
13 174
41 202
51 212
134 295
148 309
26 187
19 180
313 474
197 358
65 226
206 367
139 300
115 276
158 319
313 474
136 297
287 448
20 181
184 345
200 361
241 402
180 341
103 264
11 172
53 214
131 292
320 481
13 174
301 462
254 415
41 202
194 355
183 344
247 408
290 451
139 300
107 268
242 403
112 273
223 384
242 403
240 401
190 351
315 476
93 254
179 340
39 200
136 297
242 403
62 223
155 316
216 377
138 299
311 472
316 477
77 238
130 291
49 210
301 462
60 221
59 220
228 389
96 257
30 191
215 376
245 406
157 318
183 344
72 233
1 162
83 244
296 457
79 240
25;5450
203 364
179 340
157 318
67 228
90 251
150 311
280 441
204 365
288 449
253 414
187 348
62 223
223 384
121 282
303 464
208 369
57 218
99 260
118 279
160 321
217 378
300 461
287 448
31 192
59 220
24 185
33 194
220 381
303 464
268 429
254 415
240 401
216 377
90 251
318 479
311 472
270 431
196 357
54 215
231 392
115 276
270 431
220 381
86 247
210 371
69 230
0 161
107 268
303 464
155 316
153 314
251 412
180 341
38 199
117 278
83 244
162 323
131 292
153 314
63 224
138 299
211 372
29 190
28 189
61 222
159 320
201 362
161 322
40 201
170 331
57 218
302 463
288 449
156 317
11 172
185 346
204 365
240 401
290 451
54 215
239 400
253 414
90 251
182 343
59 220
191 352
80 241
238 399
318 479
322 483
143 304
51 212
220 381
187 348
114 275
191 352
26 187
281 442
119 280
9 170
252 413
74 235
216 377
131 292
320 481
26 187
90 251
77 238
61 222
152 313
286 447
173 334
77 238
206 367
282 443
143 304
207 368
121 282
193 354
161 322
195 356
164 325
317 478
9 170
177 338
245 406
11 172
116 277
52 213
62 223
28 189
192 353
260 421
255 416
195 356
188 349
275 436
186 347
53 214
0 161
109 270
298 459
205 366
97 258
225 386
100 261
45 206
81 242
271 432
261 422
282 443
162 323
39 200
203 364
320 481
46 207
23 184
267 428
194 355
72 233
150 311
30 191
248 409
166 327
188 349
231 392
300 461
233 394
88 249
319 480
107 268
245 406
49 210
69 230
288 449
240 401
227 388
26;5450
115 276
284 445
58 219
264 425
167 328
263 424
203 364
294 455
156 317
148 309
221 382
18 179
209 370
130 291
114 275
188 349
120 281
117 278
158 319
285 446
259 420
46 207
153 314
274 435
24 185
111 272
193 354
184 345
183 344
240 401
17 178
169 330
195 356
279 440
200 361
171 332
270 431
72 233
295 456
266 427
35 196
194 355
210 371
49 210
205 366
151 312
24 185
267 428
125 286
170 331
48 209
267 428
227 388
282 443
286 447
164 325
183 344
2 163
26 187
145 306
313 474
307 468
10 171
100 261
5 166
81 242
141 302
118 279
171 332
91 252
111 272
306 467
115 276
65 226
283 444
246 407
202 363
173 334
29 190
77 238
201 362
65 226
172 333
106 267
159 320
247 408
217 378
3 164
245 406
46 207
167 328
158 319
165 326
227 388
159 320
82 243
320 481
121 282
169 330
17 178
127 288
195 356
297 458
17 178
142 303
283 444
28 189
2 163
252 413
290 451
179 340
151 312
27 188
22 183
282 443
310 471
35 196
178 339
110 271
41 202
265 426
294 455
74 235
239 400
204 365
156 317
309 470
297 458
234 395
131 292
99 260
98 259
47 208
138 299
158 319
48 209
162 323
296 457
121 282
164 325
98 259
177 338
126 287
215 376
252 413
75 236
144 305
120 281
285 446
271 432
8 169
241 402
261 422
187 348
172 333
213 374
194 355
139 300
214 375
215 376
180 341
189 350
300 461
136 297
79 240
24 185
104 265
318 479
300 461
59 220
34 195
221 382
47 208
252 413
125 286
34 195
158 319
87 248
34 195
63 224
250 411
304 465
133 294
136 297
5 166
190 351
289 450
75 236
92 253
187 348
56 217
122 283
137 298
100 261
69 230
131 292
111 272
39 200
129 290
312 473
9 170
287 448
86 247
169 330
161 322
133 294
102 263
27;5450
152 313
218 379
201 362
193 354
117 278
291 452
171 332
109 270
320 481
49 210
148 309
17 178
322 483
135 296
276 437
27 188
195 356
202 363
236 397
112 273
3 164
10 171
222 383
240 401
299 460
236 397
152 313
198 359
132 293
66 227
266 427
279 440
232 393
221 382
179 340
311 472
103 264
38 199
89 250
159 320
85 246
109 270
50 211
110 271
238 399
74 235
321 482
233 394
174 335
146 307
289 450
98 259
99 260
203 364
149 310
193 354
271 432
216 377
38 199
144 305
25 186
97 258
280 441
247 408
97 258
185 346
252 413
155 316
47 208
106 267
66 227
125 286
101 262
203 364
260 421
55 216
59 220
8 169
248 409
285 446
88 249
136 297
74 235
139 300
21 182
230 391
0 161
210 371
15 176
76 237
231 392
9 170
2 163
137 298
0 161
199 360
48 209
20 181
60 221
224 385
280 441
59 220
191 352
59 220
116 277
264 425
320 481
41 202
179 340
43 204
305 466
13 174
71 232
134 295
134 295
246 407
178 339
215 376
138 299
28 189
203 364
271 432
166 327
245 406
175 336
80 241
211 372
7 168
266 427
177 338
70 231
88 249
273 434
251 412
218 379
169 330
50 211
272 433
65 226
93 254
243 404
257 418
25 186
317 478
286 447
160 321
313 474
262 423
122 283
16 177
158 319
179 340
296 457
185 346
261 422
188 349
230 391
215 376
306 467
206 367
63 224
215 376
134 295
317 478
163 324
282 443
18 179
208 369
78 239
245 406
28;5450
77 238
75 236
105 266
15 176
266 427
124 285
207 368
100 261
130 291
108 269
315 476
243 404
249 410
150 311
160 321
292 453
69 230
148 309
6 167
154 315
297 458
238 399
160 321
37 198
259 420
193 354
321 482
152 313
31 192
175 336
130 291
214 375
164 325
39 200
123 284
39 200
112 273
2 163
194 355
64 225
218 379
52 213
262 423
42 203
188 349
186 347
133 294
321 482
225 386
103 264
270 431
19 180
71 232
188 349
19 180
8 169
187 348
52 213
111 272
96 257
141 302
81 242
1 162
79 240
162 323
305 466
105 266
177 338
138 299
246 407
41 202
72 233
303 464
242 403
83 244
85 246
108 269
197 358
4 165
35 196
134 295
78 239
147 308
2 163
128 289
0 161
34 195
188 349
186 347
20 181
279 440
126 287
101 262
189 350
5 166
318 479
185 346
173 334
213 374
175 336
125 286
282 443
7 168
63 224
263 424
228 389
49 210
222 383
164 325
135 296
214 375
225 386
187 348
207 368
12 173
96 257
95 256
297 458
240 401
243 404
88 249
78 239
74 235
199 360
115 276
263 424
201 362
29;5450
148 309
114 275
240 401
31 192
26 187
0 161
164 325
200 361
302 463
144 305
0 161
62 223
285 446
176 337
195 356
185 346
49 210
203 364
70 231
117 278
93 254
110 271
60 221
167 328
217 378
309 470
142 303
156 317
246 407
48 209
286 447
233 394
195 356
26 187
92 253
264 425
128 289
76 237
216 377
176 337
241 402
212 373
70 231
174 335
40 201
176 337
87 248
109 270
248 409
68 229
56 217
48 209
89 250
149 310
58 219
297 458
117 278
207 368
62 223
223 384
238 399
248 409
229 390
201 362
66 227
157 318
15 176
280 441
205 366
156 317
163 324
199 360
285 446
227 388
253 414
12 173
244 405
289 450
320 481
281 442
277 438
51 212
256 417
16 177
182 343
130 291
235 396
30 191
108 269
137 298
316 477
21 182
151 312
287 448
258 419
157 318
4 165
60 221
33 194
278 439
163 324
101 262
283 444
197 358
71 232
100 261
261 422
71 232
139 300
298 459
299 460
133 294
102 263
141 302
226 387
306 467
21 182
148 309
218 379
43 204
207 368
133 294
206 367
292 453
247 408
256 417
71 232
312 473
28 189
2 163
114 275
278 439
25 186
135 296
189 350
38 199
253 414
294 455
242 403
169 330
47 208
15 176
40 201
180 341
149 310
60 221
264 425
156 317
36 197
199 360
231 392
111 272
126 287
181 342
316 477
4 165
16 177
309 470
148 309
24 185
86 247
268 429
315 476
40 201
241 402
82 243
270 431
88 249
278 439
63 224
87 248
264 425
309 470
247 408
263 424
26 187
191 352
121 282
76 237
9 170
121 282
1 162
22 183
33 194
208 369
116 277
126 287
60 221
235 396
13 174
94 255
157 318
159 320
271 432
258 419
30;5450
25 186
80 241
185 346
69 230
127 288
63 224
118 279
200 361
45 206
149 310
117 278
301 462
261 422
120 281
107 268
230 391
310 471
32 193
245 406
220 381
53 214
94 255
296 457
295 456
137 298
13 174
104 265
21 182
128 289
31 192
81 242
274 435
242 403
194 355
205 366
132 293
244 405
101 262
192 353
184 345
8 169
104 265
57 218
213 374
296 457
58 219
159 320
134 295
143 304
134 295
168 329
132 293
134 295
81 242
283 444
226 387
216 377
114 275
98 259
213 374
26 187
300 461
232 393
231 392
293 454
217 378
121 282
180 341
119 280
109 270
317 478
241 402
201 362
252 413
92 253
244 405
18 179
131 292
267 428
129 290
68 229
304 465
248 409
184 345
225 386
275 436
203 364
191 352
114 275
130 291
172 333
302 463
77 238
125 286
288 449
241 402
91 252
3 164
137 298
114 275
215 376
261 422
10 171
135 296
248 409
247 408
321 482
132 293
176 337
277 438
140 301
14 175
51 212
2 163
72 233
37 198
79 240
271 432
146 307
55 216
226 387
209 370
210 371
40 201
215 376
5 166
195 356
189 350
103 264
70 231
84 245
130 291
245 406
66 227
3 164
243 404
0 161
75 236
113 274
256 417
275 436
132 293
260 421
85 246
96 257
215 376
4 165
3 164
152 313
271 432
253 414
218 379
0 161
306 467
138 299
82 243
116 277
139 300
204 365
176 337
232 393
199 360
95 256
208 369
319 480
305 466
24 185
257 418
163 324
157 318
177 338
263 424
137 298
83 244
45 206
28 189
266 427
180 341
155 316
138 299
118 279
13 174
67 228
31;5450
40 201
211 372
175 336
51 212
32 193
122 283
213 374
279 440
55 216
292 453
69 230
233 394
231 392
250 411
302 463
53 214
199 360
77 238
188 349
234 395
262 423
19 180
150 311
220 381
192 353
234 395
55 216
40 201
68 229
192 353
85 246
196 357
139 300
299 460
117 278
290 451
16 177
87 248
59 220
107 268
154 315
97 258
277 438
4 165
200 361
70 231
197 358
246 407
263 424
263 424
307 468
198 359
138 299
124 285
204 365
112 273
83 244
217 378
283 444
315 476
320 481
130 291
311 472
131 292
165 326
86 247
41 202
33 194
19 180
113 274
94 255
75 236
3 164
79 240
168 329
194 355
112 273
31 192
301 462
56 217
223 384
195 356
202 363
184 345
149 310
248 409
29 190
263 424
70 231
98 259
27 188
260 421
265 426
203 364
156 317
249 410
291 452
80 241
223 384
48 209
145 306
265 426
90 251
28 189
164 325
106 267
272 433
82 243
146 307
9 170
116 277
102 263
293 454
254 415
254 415
270 431
294 455
176 337
114 275
281 442
105 266
319 480
150 311
99 260
84 245
248 409
163 324
288 449
73 234
44 205
122 283
140 301
136 297
222 383
229 390
114 275
275 436
155 316
25 186
19 180
199 360
122 283
45 206
218 379
281 442
241 402
15 176
249 410
92 253
154 315
315 476
192 353
170 331
234 395
12 173
139 300
283 444
289 450
54 215
180 341
186 347
96 257
158 319
189 350
322 483
2 163
79 240
278 439
6 167
268 429
32;5450
231 392
1 162
20 181
199 360
111 272
130 291
154 315
133 294
12 173
205 366
209 370
314 475
295 456
314 475
181 342
282 443
9 170
204 365
299 460
212 373
141 302
61 222
242 403
196 357
288 449
33 194
231 392
130 291
271 432
50 211
109 270
290 451
13 174
220 381
135 296
282 443
163 324
256 417
11 172
266 427
292 453
262 423
68 229
0 161
32 193
216 377
27 188
48 209
313 474
169 330
33 194
4 165
65 226
34 195
36 197
139 300
128 289
130 291
19 180
183 344
61 222
6 167
58 219
70 231
141 302
216 377
143 304
256 417
61 222
27 188
158 319
144 305
68 229
224 385
110 271
63 224
247 408
233 394
306 467
295 456
176 337
261 422
305 466
202 363
285 446
81 242
235 396
56 217
41 202
148 309
196 357
165 326
31 192
311 472
8 169
74 235
243 404
81 242
135 296
286 447
190 351
115 276
157 318
169 330
230 391
88 249
216 377
44 205
85 246
179 340
241 402
301 462
214 375
67 228
68 229
56 217
298 459
315 476
125 286
229 390
263 424
260 421
275 436
189 350
304 465
244 405
203 364
86 247
322 483
219 380
257 418
252 413
26 187
224 385
108 269
288 449
223 384
130 291
105 266
213 374
304 465
67 228
260 421
29 190
3 164
78 239
1 162
170 331
143 304
161 322
213 374
230 391
242 403
117 278
73 234
217 378
111 272
171 332
319 480
145 306
169 330
246 407
253 414
265 426
55 216
108 269
259 420
20 181
25 186
177 338
315 476
300 461
144 305
143 304
54 215
19 180
317 478
212 373
308 469
174 335
289 450
124 285
100 261
6 167
33;5450
182 343
87 248
78 239
175 336
174 335
245 406
233 394
112 273
203 364
224 385
209 370
113 274
150 311
15 176
110 271
133 294
29 190
170 331
117 278
85 246
62 223
294 455
66 227
160 321
296 457
179 340
27 188
83 244
220 381
245 406
76 237
198 359
285 446
309 470
43 204
169 330
214 375
65 226
263 424
113 274
125 286
285 446
42 203
30 191
129 290
264 425
301 462
28 189
206 367
105 266
174 335
205 366
66 227
65 226
29 190
195 356
175 336
156 317
160 321
237 398
82 243
37 198
88 249
238 399
203 364
103 264
283 444
24 185
218 379
0 161
155 316
42 203
227 388
278 439
52 213
241 402
54 215
148 309
232 393
211 372
90 251
297 458
311 472
286 447
79 240
319 480
177 338
223 384
321 482
233 394
269 430
319 480
108 269
151 312
178 339
73 234
13 174
2 163
0 161
38 199
278 439
43 204
84 245
21 182
219 380
305 466
166 327
318 479
133 294
80 241
128 289
69 230
60 221
293 454
183 344
178 339
165 326
176 337
21 182
8 169
118 279
141 302
269 430
275 436
59 220
166 327
243 404
15 176
177 338
275 436
67 228
224 385
34;5450
160 321
289 450
107 268
152 313
61 222
18 179
188 349
258 419
24 185
19 180
123 284
76 237
60 221
79 240
226 387
133 294
250 411
174 335
166 327
285 446
254 415
303 464
104 265
15 176
290 451
249 410
284 445
104 265
214 375
254 415
8 169
16 177
246 407
158 319
80 241
241 402
254 415
41 202
112 273
184 345
107 268
284 445
224 385
282 443
0 161
319 480
40 201
176 337
243 404
5 166
234 395
42 203
321 482
58 219
168 329
111 272
279 440
272 433
44 205
137 298
199 360
168 329
158 319
201 362
178 339
49 210
15 176
104 265
74 235
172 333
305 466
189 350
280 441
72 233
305 466
7 168
67 228
9 170
128 289
113 274
100 261
314 475
59 220
186 347
145 306
72 233
74 235
19 180
32 193
247 408
170 331
276 437
143 304
321 482
219 380
207 368
154 315
124 285
65 226
113 274
145 306
75 236
21 182
50 211
297 458
213 374
1 162
219 380
203 364
254 415
90 251
115 276
104 265
146 307
13 174
293 454
95 256
313 474
87 248
274 435
208 369
221 382
3 164
294 455
169 330
276 437
5 166
67 228
93 254
20 181
281 442
30 191
308 469
125 286
277 438
160 321
28 189
99 260
17 178
13 174
24 185
62 223
311 472
158 319
133 294
165 326
47 208
173 334
94 255
224 385
140 301
50 211
35;5450
256 417
124 285
1 162
199 360
162 323
68 229
84 245
21 182
38 199
72 233
66 227
141 302
277 438
131 292
121 282
222 383
44 205
131 292
322 483
63 224
104 265
188 349
147 308
143 304
290 451
224 385
146 307
205 366
146 307
207 368
9 170
70 231
140 301
229 390
279 440
141 302
130 291
285 446
153 314
148 309
179 340
314 475
30 191
147 308
288 449
236 397
1 162
71 232
260 421
157 318
33 194
251 412
311 472
100 261
29 190
135 296
100 261
110 271
179 340
287 448
8 169
304 465
66 227
217 378
197 358
204 365
264 425
314 475
227 388
314 475
246 407
169 330
103 264
151 312
187 348
127 288
67 228
29 190
178 339
10 171
199 360
276 437
136 297
5 166
230 391
277 438
191 352
28 189
117 278
199 360
120 281
111 272
106 267
155 316
251 412
70 231
140 301
196 357
304 465
312 473
295 456
235 396
224 385
43 204
22 183
233 394
23 184
224 385
160 321
85 246
40 201
17 178
0 161
204 365
104 265
208 369
59 220
86 247
137 298
182 343
172 333
109 270
291 452
88 249
56 217
118 279
164 325
111 272
284 445
113 274
76 237
292 453
91 252
290 451
49 210
311 472
271 432
86 247
317 478
92 253
177 338
243 404
124 285
269 430
25 186
154 315
17 178
78 239
103 264
282 443
228 389
5 166
140 301
31 192
119 280
190 351
104 265
125 286
187 348
97 258
142 303
53 214
236 397
164 325
318 479
302 463
120 281
103 264
61 222
301 462
177 338
130 291
36;5450
226 387
254 415
101 262
233 394
212 373
15 176
291 452
207 368
274 435
114 275
42 203
169 330
177 338
222 383
170 331
294 455
47 208
130 291
74 235
92 253
198 359
216 377
293 454
249 410
212 373
24 185
212 373
40 201
194 355
277 438
105 266
24 185
288 449
134 295
205 366
232 393
172 333
114 275
257 418
241 402
254 415
48 209
84 245
188 349
101 262
24 185
14 175
292 453
59 220
69 230
211 372
43 204
102 263
140 301
68 229
294 455
22 183
52 213
263 424
243 404
43 204
112 273
208 369
179 340
142 303
166 327
170 331
315 476
4 165
228 389
164 325
221 382
115 276
213 374
308 469
30 191
196 357
104 265
115 276
115 276
215 376
88 249
302 463
11 172
35 196
146 307
262 423
79 240
301 462
60 221
42 203
224 385
310 471
206 367
242 403
139 300
219 380
60 221
139 300
210 371
241 402
307 468
204 365
186 347
165 326
2 163
199 360
171 332
310 471
236 397
227 388
270 431
284 445
86 247
74 235
148 309
161 322
86 247
301 462
295 456
116 277
258 419
239 400
216 377
220 381
42 203
195 356
321 482
170 331
34 195
63 224
187 348
102 263
288 449
127 288
180 341
67 228
24 185
148 309
200 361
185 346
138 299
190 351
198 359
193 354
300 461
263 424
276 437
321 482
88 249
318 479
316 477
9 170
305 466
236 397
289 450
301 462
243 404
288 449
250 411
215 376
75 236
212 373
197 358
50 211
146 307
146 307
179 340
260 421
47 208
230 391
159 320
233 394
243 404
37;5450
304 465
122 283
28 189
94 255
53 214
300 461
204 365
140 301
154 315
196 357
161 322
19 180
106 267
114 275
133 294
207 368
184 345
204 365
82 243
43 204
99 260
273 434
123 284
17 178
30 191
176 337
14 175
295 456
10 171
296 457
42 203
56 217
138 299
80 241
162 323
101 262
11 172
26 187
19 180
177 338
134 295
192 353
264 425
202 363
102 263
212 373
23 184
105 266
9 170
120 281
14 175
191 352
181 342
26 187
221 382
309 470
102 263
52 213
112 273
164 325
106 267
29 190
26 187
95 256
255 416
42 203
276 437
116 277
37 198
137 298
180 341
165 326
14 175
152 313
277 438
8 169
210 371
186 347
68 229
16 177
276 437
104 265
35 196
160 321
87 248
178 339
322 483
133 294
98 259
104 265
160 321
282 443
46 207
138 299
6 167
137 298
21 182
282 443
121 282
41 202
1 162
295 456
82 243
171 332
196 357
190 351
166 327
302 463
209 370
108 269
178 339
255 416
21 182
203 364
133 294
37 198
301 462
252 413
321 482
29 190
311 472
97 258
31 192
30 191
73 234
167 328
302 463
261 422
2 163
31 192
313 474
137 298
79 240
315 476
146 307
130 291
144 305
61 222
36 197
322 483
308 469
297 458
197 358
198 359
123 284
87 248
47 208
284 445
313 474
258 419
119 280
271 432
264 425
287 448
94 255
212 373
41 202
144 305
71 232
164 325
309 470
226 387
75 236
204 365
313 474
120 281
307 468
275 436
114 275
55 216
206 367
38;5450
271 432
9 170
304 465
148 309
212 373
235 396
27 188
25 186
15 176
132 293
155 316
121 282
236 397
153 314
310 471
3 164
255 416
51 212
21 182
83 244
53 214
85 246
68 229
210 371
231 392
211 372
76 237
275 436
285 446
260 421
43 204
138 299
251 412
22 183
288 449
210 371
192 353
181 342
241 402
223 384
272 433
275 436
4 165
121 282
266 427
264 425
32 193
198 359
152 313
252 413
133 294
51 212
201 362
155 316
171 332
155 316
316 477
155 316
257 418
61 222
305 466
236 397
183 344
159 320
280 441
145 306
249 410
257 418
278 439
17 178
262 423
275 436
121 282
115 276
266 427
269 430
190 351
92 253
43 204
291 452
317 478
86 247
114 275
254 415
16 177
132 293
193 354
298 459
294 455
209 370
164 325
28 189
5 166
152 313
90 251
38 199
90 251
124 285
117 278
40 201
95 256
9 170
223 384
213 374
100 261
218 379
308 469
148 309
212 373
194 355
124 285
59 220
52 213
64 225
322 483
80 241
215 376
245 406
242 403
136 297
89 250
12 173
196 357
125 286
120 281
83 244
19 180
251 412
122 283
237 398
260 421
61 222
226 387
273 434
159 320
96 257
143 304
110 271
207 368
296 457
161 322
181 342
233 394
24 185
86 247
231 392
219 380
320 481
230 391
207 368
288 449
17 178
173 334
88 249
305 466
99 260
53 214
155 316
0 161
62 223
204 365
312 473
0 161
317 478
44 205
133 294
321 482
20 181
134 295
143 304
233 394
132 293
39;5450
113 274
211 372
26 187
244 405
299 460
198 359
132 293
193 354
24 185
62 223
235 396
248 409
41 202
65 226
238 399
237 398
61 222
199 360
262 423
273 434
25 186
72 233
272 433
300 461
206 367
83 244
195 356
301 462
237 398
178 339
149 310
137 298
254 415
278 439
214 375
153 314
95 256
253 414
192 353
8 169
91 252
18 179
278 439
302 463
44 205
78 239
60 221
306 467
186 347
208 369
133 294
47 208
142 303
241 402
203 364
126 287
308 469
243 404
4 165
129 290
13 174
263 424
59 220
207 368
6 167
189 350
206 367
156 317
135 296
252 413
13 174
198 359
47 208
303 464
64 225
148 309
201 362
65 226
322 483
299 460
47 208
230 391
190 351
203 364
16 177
207 368
134 295
75 236
10 171
278 439
50 211
287 448
53 214
241 402
60 221
3 164
145 306
202 363
168 329
66 227
70 231
59 220
179 340
62 223
233 394
61 222
211 372
248 409
78 239
22 183
279 440
249 410
34 195
173 334
58 219
96 257
41 202
15 176
62 223
178 339
209 370
2 163
109 270
242 403
49 210
72 233
296 457
205 366
166 327
26 187
189 350
148 309
28 189
243 404
229 390
93 254
94 255
211 372
185 346
28 189
94 255
43 204
34 195
225 386
170 331
58 219
250 411
30 191
297 458
40;5450
135 296
143 304
98 259
119 280
171 332
72 233
116 277
302 463
171 332
123 284
6 167
101 262
11 172
299 460
310 471
252 413
113 274
288 449
59 220
30 191
4 165
131 292
308 469
114 275
132 293
59 220
79 240
268 429
97 258
56 217
261 422
205 366
23 184
30 191
118 279
295 456
304 465
142 303
244 405
1 162
276 437
88 249
277 438
69 230
270 431
172 333
278 439
321 482
47 208
98 259
92 253
208 369
188 349
280 441
125 286
2 163
255 416
119 280
244 405
195 356
178 339
172 333
92 253
274 435
204 365
113 274
34 195
311 472
8 169
149 310
34 195
69 230
253 414
260 421
296 457
71 232
214 375
159 320
149 310
306 467
291 452
120 281
25 186
2 163
186 347
53 214
122 283
20 181
7 168
255 416
135 296
275 436
299 460
173 334
168 329
230 391
103 264
193 354
194 355
50 211
166 327
236 397
4 165
21 182
201 362
309 470
287 448
233 394
176 337
151 312
32 193
184 345
149 310
229 390
71 232
83 244
156 317
262 423
20 181
11 172
4 165
312 473
102 263
156 317
40 201
234 395
202 363
219 380
108 269
178 339
284 445
304 465
322 483
257 418
268 429
263 424
287 448
37 198
261 422
258 419
135 296
48 209
85 246
222 383
220 381
157 318
312 473
54 215
108 269
314 475
38 199
104 265
45 206
163 324
141 302
32 193
139 300
68 229
116 277
185 346
51 212
37 198
152 313
22 183
211 372
301 462
96 257
239 400
253 414
114 275
242 403
126 287
88 249
180 341
113 274
134 295
320 481
157 318
32 193
139 300
126 287
221 382
316 477
126 287
128 289
50 211
41;5450
132 293
171 332
54 215
122 283
137 298
232 393
255 416
155 316
278 439
61 222
172 333
221 382
282 443
297 458
105 266
247 408
176 337
182 343
288 449
166 327
180 341
201 362
136 297
82 243
307 468
302 463
215 376
191 352
69 230
104 265
301 462
168 329
31 192
225 386
76 237
36 197
23 184
86 247
298 459
301 462
6 167
277 438
179 340
21 182
40 201
315 476
134 295
28 189
202 363
90 251
244 405
218 379
107 268
151 312
321 482
80 241
38 199
217 378
296 457
243 404
251 412
97 258
122 283
101 262
306 467
33 194
137 298
150 311
24 185
174 335
83 244
297 458
248 409
309 470
87 248
26 187
62 223
239 400
121 282
179 340
63 224
183 344
95 256
13 174
47 208
59 220
179 340
148 309
288 449
109 270
9 170
75 236
0 161
68 229
84 245
303 464
211 372
45 206
261 422
272 433
8 169
309 470
227 388
70 231
179 340
313 474
165 326
293 454
207 368
190 351
128 289
192 353
112 273
122 283
87 248
243 404
275 436
71 232
315 476
168 329
22 183
191 352
295 456
170 331
290 451
245 406
183 344
227 388
156 317
306 467
25 186
260 421
240 401
286 447
316 477
100 261
16 177
29 190
1 162
50 211
133 294
297 458
198 359
272 433
212 373
228 389
4 165
96 257
240 401
158 319
101 262
106 267
87 248
41 202
187 348
281 442
280 441
177 338
97 258
118 279
41 202
198 359
62 223
316 477
70 231
121 282
140 301
121 282
51 212
145 306
312 473
268 429
131 292
246 407
310 471
204 365
234 395
304 465
54 215
6 167
23 184
229 390
42 203
104 265
137 298
71 232
118 279
128 289
275 436
122 283
155 316
138 299
36 197
224 385
233 394
304 465
307 468
269 430
291 452
147 308
1 162
42;5450
318 479
112 273
232 393
160 321
256 417
189 350
13 174
134 295
285 446
224 385
92 253
95 256
207 368
231 392
275 436
246 407
87 248
278 439
149 310
81 242
111 272
160 321
247 408
167 328
98 259
152 313
311 472
98 259
22 183
43 204
197 358
240 401
39 200
153 314
37 198
40 201
173 334
102 263
31 192
74 235
130 291
279 440
119 280
196 357
71 232
102 263
300 461
316 477
154 315
86 247
172 333
314 475
186 347
92 253
185 346
228 389
130 291
129 290
234 395
239 400
141 302
191 352
101 262
9 170
62 223
52 213
213 374
260 421
117 278
166 327
159 320
154 315
189 350
30 191
61 222
75 236
213 374
101 262
75 236
76 237
154 315
133 294
212 373
71 232
320 481
133 294
240 401
275 436
152 313
268 429
293 454
193 354
102 263
290 451
175 336
90 251
96 257
214 375
245 406
96 257
218 379
223 384
115 276
99 260
237 398
305 466
120 281
271 432
214 375
144 305
195 356
193 354
219 380
287 448
174 335
102 263
148 309
100 261
286 447
69 230
199 360
319 480
107 268
274 435
204 365
219 380
119 280
314 475
12 173
85 246
237 398
207 368
313 474
38 199
68 229
230 391
72 233
149 310
71 232
262 423
111 272
248 409
216 377
241 402
72 233
163 324
125 286
15 176
6 167
316 477
188 349
120 281
115 276
94 255
91 252
44 205
50 211
43;5450
71 232
139 300
174 335
89 250
107 268
142 303
304 465
268 429
214 375
225 386
100 261
16 177
52 213
39 200
92 253
75 236
283 444
225 386
28 189
88 249
150 311
92 253
269 430
254 415
278 439
65 226
125 286
40 201
225 386
245 406
296 457
245 406
263 424
212 373
211 372
17 178
16 177
107 268
136 297
84 245
315 476
26 187
274 435
309 470
85 246
266 427
261 422
310 471
302 463
11 172
207 368
179 340
129 290
120 281
61 222
67 228
187 348
227 388
16 177
197 358
64 225
80 241
66 227
178 339
119 280
254 415
31 192
26 187
189 350
105 266
173 334
236 397
57 218
302 463
32 193
241 402
177 338
229 390
211 372
127 288
113 274
315 476
7 168
16 177
245 406
322 483
31 192
59 220
34 195
116 277
158 319
134 295
236 397
26 187
112 273
131 292
82 243
25 186
255 416
66 227
38 199
35 196
171 332
48 209
162 323
163 324
147 308
303 464
28 189
213 374
64 225
40 201
312 473
32 193
227 388
35 196
209 370
83 244
212 373
307 468
67 228
84 245
72 233
317 478
76 237
271 432
21 182
217 378
261 422
258 419
266 427
48 209
289 450
319 480
195 356
44 205
7 168
33 194
268 429
58 219
4 165
248 409
175 336
231 392
295 456
83 244
162 323
163 324
277 438
213 374
58 219
69 230
40 201
75 236
286 447
208 369
279 440
17 178
121 282
86 247
204 365
81 242
150 311
50 211
136 297
115 276
128 289
131 292
279 440
32 193
118 279
191 352
180 341
178 339
319 480
90 251
180 341
196 357
37 198
227 388
141 302
271 432
144 305
228 389
20 181
16 177
112 273
174 335
22 183
207 368
58 219
53 214
126 287
44;5450
54 215
0 161
179 340
208 369
151 312
182 343
32 193
219 380
210 371
289 450
307 468
53 214
110 271
292 453
141 302
231 392
306 467
128 289
304 465
22 183
96 257
217 378
268 429
237 398
133 294
96 257
155 316
132 293
122 283
308 469
0 161
50 211
151 312
259 420
133 294
187 348
216 377
116 277
157 318
130 291
23 184
240 401
125 286
217 378
285 446
199 360
148 309
273 434
124 285
279 440
226 387
55 216
277 438
169 330
204 365
242 403
59 220
118 279
16 177
235 396
315 476
261 422
175 336
224 385
166 327
130 291
207 368
102 263
322 483
133 294
137 298
77 238
129 290
194 355
261 422
319 480
10 171
271 432
47 208
301 462
215 376
39 200
312 473
273 434
198 359
306 467
204 365
266 427
200 361
155 316
192 353
122 283
72 233
0 161
295 456
194 355
118 279
273 434
294 455
193 354
230 391
58 219
268 429
7 168
131 292
216 377
278 439
201 362
299 460
121 282
156 317
125 286
237 398
293 454
43 204
103 264
122 283
322 483
211 372
151 312
1 162
15 176
161 322
62 223
266 427
132 293
291 452
70 231
257 418
113 274
245 406
125 286
51 212
304 465
210 371
253 414
37 198
97 258
159 320
240 401
184 345
273 434
215 376
290 451
107 268
182 343
311 472
222 383
125 286
186 347
95 256
287 448
217 378
69 230
270 431
145 306
45;5450
313 474
280 441
157 318
143 304
24 185
91 252
267 428
270 431
19 180
120 281
175 336
102 263
115 276
81 242
281 442
32 193
206 367
217 378
234 395
233 394
148 309
188 349
123 284
256 417
240 401
131 292
35 196
207 368
121 282
104 265
43 204
50 211
307 468
100 261
287 448
286 447
149 310
114 275
181 342
91 252
302 463
79 240
12 173
133 294
74 235
124 285
38 199
181 342
123 284
279 440
100 261
0 161
213 374
95 256
15 176
38 199
68 229
256 417
226 387
254 415
57 218
310 471
301 462
21 182
53 214
282 443
289 450
76 237
231 392
94 255
54 215
209 370
94 255
164 325
180 341
54 215
320 481
153 314
28 189
124 285
59 220
132 293
11 172
45 206
313 474
54 215
315 476
166 327
107 268
233 394
209 370
98 259
317 478
34 195
42 203
171 332
290 451
241 402
308 469
106 267
157 318
149 310
4 165
249 410
159 320
9 170
94 255
207 368
211 372
201 362
316 477
76 237
71 232
124 285
203 364
73 234
139 300
248 409
249 410
173 334
296 457
137 298
87 248
288 449
204 365
54 215
106 267
23 184
248 409
308 469
208 369
167 328
222 383
281 442
175 336
147 308
31 192
210 371
179 340
250 411
168 329
1 162
152 313
265 426
160 321
145 306
183 344
173 334
43 204
71 232
254 415
31 192
46;5450
315 476
263 424
49 210
237 398
12 173
103 264
65 226
208 369
131 292
126 287
63 224
257 418
34 195
16 177
207 368
262 423
26 187
215 376
288 449
199 360
304 465
126 287
94 255
23 184
314 475
237 398
158 319
228 389
63 224
105 266
202 363
11 172
258 419
313 474
28 189
208 369
165 326
147 308
245 406
290 451
285 446
100 261
24 185
115 276
43 204
287 448
7 168
99 260
68 229
163 324
79 240
59 220
89 250
128 289
83 244
184 345
172 333
313 474
93 254
229 390
77 238
52 213
111 272
49 210
266 427
219 380
32 193
313 474
295 456
163 324
70 231
108 269
315 476
208 369
199 360
189 350
304 465
262 423
168 329
92 253
19 180
5 166
198 359
217 378
278 439
161 322
201 362
191 352
121 282
301 462
277 438
297 458
93 254
288 449
174 335
116 277
77 238
30 191
205 366
263 424
84 245
322 483
63 224
239 400
48 209
266 427
246 407
201 362
65 226
150 311
306 467
183 344
27 188
107 268
115 276
265 426
257 418
49 210
61 222
295 456
160 321
105 266
124 285
277 438
84 245
30 191
308 469
300 461
174 335
205 366
2 163
313 474
59 220
259 420
104 265
224 385
25 186
47 208
2 163
248 409
80 241
317 478
301 462
20 181
245 406
293 454
134 295
62 223
312 473
97 258
269 430
228 389
98 259
47;5450
121 282
147 308
36 197
241 402
254 415
119 280
176 337
63 224
93 254
30 191
252 413
56 217
66 227
63 224
20 181
133 294
265 426
151 312
275 436
235 396
188 349
246 407
78 239
135 296
251 412
146 307
32 193
26 187
93 254
114 275
169 330
160 321
87 248
156 317
166 327
111 272
225 386
232 393
201 362
18 179
249 410
138 299
105 266
290 451
58 219
30 191
262 423
32 193
243 404
282 443
34 195
155 316
47 208
122 283
223 384
238 399
143 304
148 309
283 444
148 309
287 448
191 352
228 389
78 239
61 222
190 351
307 468
273 434
280 441
229 390
214 375
95 256
42 203
295 456
220 381
24 185
166 327
128 289
176 337
115 276
105 266
87 248
309 470
183 344
211 372
191 352
279 440
74 235
235 396
57 218
60 221
133 294
112 273
211 372
197 358
160 321
82 243
92 253
248 409
219 380
310 471
113 274
162 323
30 191
168 329
138 299
81 242
129 290
216 377
284 445
37 198
314 475
140 301
105 266
259 420
121 282
204 365
74 235
238 399
74 235
178 339
115 276
76 237
309 470
234 395
103 264
253 414
119 280
49 210
77 238
284 445
126 287
244 405
100 261
204 365
189 350
37 198
193 354
147 308
72 233
182 343
22 183
142 303
163 324
101 262
311 472
193 354
43 204
60 221
291 452
108 269
33 194
205 366
315 476
312 473
67 228
278 439
183 344
286 447
110 271
320 481
32 193
149 310
294 455
179 340
189 350
9 170
316 477
76 237
27 188
307 468
145 306
34 195
300 461
111 272
37 198
48;5450
317 478
298 459
174 335
60 221
0 161
133 294
223 384
221 382
211 372
17 178
74 235
43 204
219 380
225 386
12 173
76 237
306 467
71 232
94 255
137 298
130 291
5 166
127 288
103 264
76 237
280 441
303 464
192 353
18 179
262 423
108 269
273 434
90 251
112 273
273 434
14 175
168 329
238 399
227 388
6 167
40 201
87 248
246 407
105 266
192 353
244 405
280 441
6 167
43 204
307 468
225 386
109 270
62 223
46 207
70 231
194 355
284 445
277 438
319 480
107 268
318 479
257 418
22 183
43 204
134 295
233 394
236 397
98 259
237 398
98 259
107 268
302 463
269 430
87 248
240 401
175 336
299 460
91 252
52 213
45 206
56 217
113 274
257 418
306 467
251 412
46 207
247 408
100 261
228 389
36 197
143 304
305 466
222 383
229 390
74 235
189 350
49 210
59 220
254 415
27 188
176 337
87 248
201 362
193 354
62 223
207 368
178 339
236 397
9 170
43 204
271 432
213 374
259 420
52 213
49 210
113 274
315 476
254 415
252 413
172 333
174 335
177 338
119 280
310 471
187 348
194 355
7 168
64 225
20 181
128 289
55 216
10 171
129 290
50 211
187 348
111 272
79 240
27 188
313 474
225 386
192 353
111 272
229 390
109 270
91 252
60 221
305 466
34 195
261 422
169 330
155 316
300 461
297 458
184 345
243 404
177 338
175 336
217 378
245 406
164 325
258 419
28 189
211 372
193 354
310 471
101 262
301 462
73 234
273 434
30 191
126 287
157 318
49;5450
284 445
156 317
278 439
129 290
135 296
202 363
307 468
28 189
84 245
145 306
102 263
204 365
25 186
310 471
220 381
282 443
167 328
83 244
17 178
35 196
187 348
22 183
281 442
259 420
237 398
206 367
152 313
87 248
90 251
67 228
18 179
116 277
94 255
113 274
183 344
196 357
28 189
90 251
179 340
256 417
224 385
167 328
132 293
93 254
250 411
127 288
263 424
205 366
221 382
203 364
258 419
53 214
248 409
57 218
239 400
223 384
123 284
203 364
143 304
55 216
160 321
306 467
208 369
56 217
26 187
51 212
158 319
222 383
263 424
194 355
30 191
272 433
110 271
93 254
8 169
297 458
276 437
180 341
319 480
118 279
56 217
150 311
303 464
224 385
177 338
297 458
120 281
82 243
224 385
308 469
68 229
105 266
106 267
261 422
175 336
241 402
181 342
231 392
184 345
299 460
98 259
54 215
37 198
228 389
37 198
115 276
196 357
119 280
66 227
100 261
200 361
204 365
3 164
319 480
7 168
264 425
172 333
11 172
58 219
167 328
204 365
7 168
308 469
285 446
90 251
160 321
25 186
282 443
118 279
270 431
72 233
230 391
281 442
215 376
82 243
120 281
134 295
282 443
148 309
14 175
319 480
244 405
78 239
258 419
141 302
314 475
247 408
101 262
58 219
25 186
156 317
287 448
231 392
35 196
217 378
266 427
14 175
51 212
197 358
140 301
281 442
154 315
50;5450
168 329
262 423
134 295
164 325
231 392
246 407
283 444
284 445
179 340
80 241
132 293
43 204
96 257
149 310
8 169
227 388
279 440
24 185
75 236
272 433
274 435
100 261
148 309
315 476
266 427
112 273
198 359
281 442
201 362
221 382
295 456
130 291
148 309
250 411
228 389
32 193
237 398
88 249
106 267
105 266
210 371
313 474
207 368
185 346
292 453
267 428
79 240
109 270
257 418
277 438
273 434
314 475
126 287
133 294
224 385
1 162
131 292
162 323
135 296
149 310
241 402
197 358
302 463
2 163
111 272
251 412
35 196
265 426
198 359
198 359
102 263
315 476
257 418
61 222
86 247
270 431
101 262
277 438
224 385
235 396
116 277
156 317
120 281
173 334
183 344
107 268
138 299
126 287
144 305
67 228
138 299
167 328
174 335
188 349
129 290
258 419
18 179
106 267
45 206
171 332
166 327
27 188
121 282
319 480
114 275
205 366
255 416
320 481
190 351
75 236
283 444
65 226
300 461
241 402
150 311
215 376
255 416
274 435
198 359
69 230
204 365
72 233
184 345
163 324
253 414
53 214
212 373
231 392
262 423
136 297
64 225
55 216
133 294
189 350
175 336
254 415
300 461
51 212
244 405
37 198
134 295
171 332
42 203
248 409
37 198
255 416
129 290
26 187
164 325
239 400
155 316
146 307
282 443
43 204
47 208
299 460
203 364
247 408
60 221
121 282
83 244
174 335
110 271
197 358
106 267
91 252
183 344
110 271
245 406
160 321
200 361
277 438
61 222
36 197
161 322
260 421
52 213
167 328
50 211
45 206
43 204
32 193
176 337
91 252
51;5450
302 463
216 377
155 316
94 255
286 447
248 409
167 328
47 208
187 348
305 466
27 188
182 343
11 172
51 212
303 464
201 362
118 279
74 235
60 221
83 244
187 348
121 282
271 432
115 276
214 375
253 414
277 438
322 483
175 336
232 393
108 269
304 465
119 280
57 218
242 403
189 350
264 425
249 410
127 288
288 449
33 194
49 210
292 453
274 435
9 170
89 250
66 227
99 260
78 239
193 354
33 194
23 184
31 192
241 402
292 453
212 373
120 281
18 179
305 466
37 198
276 437
185 346
320 481
58 219
234 395
175 336
219 380
193 354
201 362
283 444
121 282
309 470
301 462
165 326
70 231
111 272
258 419
42 203
41 202
190 351
50 211
58 219
283 444
102 263
184 345
16 177
166 327
160 321
75 236
250 411
85 246
189 350
162 323
185 346
46 207
93 254
95 256
310 471
147 308
108 269
58 219
123 284
321 482
5 166
168 329
56 217
22 183
20 181
209 370
197 358
222 383
279 440
148 309
5 166
155 316
275 436
69 230
65 226
268 429
283 444
129 290
52;5450
9 170
181 342
158 319
194 355
29 190
237 398
148 309
167 328
90 251
14 175
4 165
210 371
82 243
108 269
78 239
73 234
85 246
98 259
131 292
120 281
200 361
182 343
81 242
38 199
172 333
52 213
297 458
181 342
301 462
216 377
134 295
213 374
171 332
65 226
177 338
194 355
52 213
304 465
72 233
19 180
100 261
256 417
280 441
125 286
219 380
159 320
182 343
240 401
22 183
308 469
13 174
281 442
127 288
125 286
238 399
140 301
194 355
249 410
228 389
198 359
268 429
8 169
274 435
19 180
17 178
116 277
262 423
204 365
219 380
232 393
211 372
153 314
46 207
36 197
243 404
164 325
12 173
105 266
42 203
84 245
219 380
217 378
86 247
50 211
191 352
261 422
264 425
166 327
176 337
163 324
97 258
37 198
307 468
306 467
117 278
278 439
253 414
42 203
185 346
319 480
96 257
21 182
254 415
177 338
120 281
316 477
283 444
145 306
26 187
70 231
262 423
288 449
216 377
270 431
26 187
248 409
181 342
137 298
240 401
183 344
5 166
125 286
205 366
239 400
137 298
70 231
66 227
319 480
170 331
203 364
146 307
116 277
94 255
160 321
322 483
52 213
55 216
211 372
248 409
103 264
320 481
132 293
30 191
261 422
83 244
167 328
32 193
246 407
247 408
53 214
195 356
151 312
166 327
168 329
159 320
52 213
134 295
122 283
163 324
53;5450
153 314
70 231
28 189
253 414
131 292
232 393
235 396
97 258
96 257
57 218
235 396
206 367
74 235
62 223
178 339
251 412
286 447
114 275
239 400
203 364
131 292
233 394
106 267
125 286
318 479
148 309
273 434
106 267
273 434
262 423
277 438
271 432
3 164
111 272
209 370
212 373
71 232
121 282
313 474
101 262
31 192
224 385
70 231
240 401
143 304
160 321
72 233
226 387
217 378
138 299
86 247
15 176
17 178
306 467
46 207
62 223
25 186
198 359
286 447
168 329
199 360
279 440
48 209
280 441
160 321
241 402
79 240
28 189
58 219
283 444
12 173
126 287
186 347
143 304
295 456
156 317
310 471
160 321
277 438
9 170
237 398
245 406
322 483
78 239
91 252
94 255
302 463
253 414
294 455
81 242
48 209
190 351
209 370
109 270
315 476
155 316
251 412
211 372
83 244
140 301
250 411
96 257
258 419
316 477
311 472
132 293
292 453
28 189
58 219
169 330
283 444
156 317
30 191
157 318
217 378
98 259
141 302
68 229
203 364
82 243
268 429
235 396
94 255
310 471
276 437
140 301
267 428
152 313
178 339
77 238
231 392
246 407
75 236
132 293
127 288
243 404
86 247
228 389
218 379
156 317
152 313
286 447
105 266
296 457
53 214
20 181
16 177
199 360
108 269
266 427
240 401
74 235
310 471
244 405
192 353
104 265
296 457
316 477
84 245
112 273
203 364
231 392
180 341
270 431
195 356
117 278
275 436
277 438
27 188
153 314
283 444
107 268
309 470
174 335
226 387
42 203
128 289
222 383
137 298
303 464
212 373
310 471
61 222
79 240
54;5450
320 481
193 354
96 257
204 365
209 370
151 312
52 213
247 408
185 346
175 336
238 399
290 451
300 461
114 275
78 239
237 398
64 225
79 240
222 383
38 199
41 202
192 353
33 194
0 161
18 179
215 376
278 439
59 220
187 348
72 233
123 284
247 408
98 259
130 291
301 462
250 411
5 166
228 389
304 465
251 412
301 462
268 429
69 230
48 209
193 354
144 305
217 378
165 326
135 296
203 364
293 454
282 443
92 253
254 415
19 180
140 301
57 218
123 284
313 474
63 224
157 318
102 263
84 245
279 440
182 343
93 254
111 272
147 308
20 181
294 455
170 331
188 349
244 405
120 281
71 232
3 164
273 434
45 206
264 425
260 421
21 182
213 374
56 217
319 480
90 251
196 357
98 259
98 259
170 331
17 178
135 296
200 361
104 265
98 259
291 452
220 381
315 476
60 221
284 445
137 298
216 377
75 236
11 172
35 196
161 322
170 331
91 252
147 308
321 482
286 447
38 199
136 297
264 425
79 240
115 276
184 345
211 372
116 277
51 212
61 222
178 339
152 313
93 254
26 187
297 458
113 274
239 400
77 238
151 312
310 471
309 470
319 480
29 190
217 378
223 384
47 208
243 404
254 415
1 162
10 171
12 173
10 171
211 372
48 209
5 166
133 294
38 199
20 181
305 466
156 317
29 190
123 284
26 187
94 255
55;5450
67 228
283 444
21 182
124 285
41 202
114 275
316 477
203 364
111 272
206 367
144 305
290 451
238 399
152 313
202 363
70 231
7 168
100 261
282 443
116 277
1 162
76 237
304 465
200 361
150 311
111 272
241 402
190 351
19 180
10 171
187 348
40 201
63 224
217 378
301 462
87 248
157 318
230 391
142 303
13 174
60 221
254 415
131 292
132 293
120 281
246 407
256 417
268 429
18 179
281 442
247 408
277 438
109 270
83 244
144 305
180 341
90 251
152 313
62 223
183 344
294 455
308 469
193 354
153 314
98 259
137 298
312 473
79 240
201 362
244 405
124 285
291 452
10 171
34 195
138 299
103 264
213 374
240 401
219 380
15 176
190 351
54 215
51 212
257 418
285 446
181 342
94 255
312 473
212 373
206 367
199 360
165 326
24 185
165 326
133 294
282 443
198 359
77 238
267 428
156 317
195 356
53 214
21 182
219 380
108 269
134 295
278 439
73 234
278 439
306 467
135 296
75 236
126 287
274 435
76 237
156 317
250 411
176 337
250 411
186 347
118 279
201 362
71 232
76 237
70 231
230 391
318 479
287 448
224 385
278 439
280 441
135 296
137 298
30 191
56;5450
318 479
155 316
292 453
113 274
300 461
63 224
107 268
49 210
254 415
307 468
83 244
249 410
45 206
35 196
138 299
136 297
48 209
54 215
210 371
313 474
65 226
257 418
78 239
101 262
52 213
321 482
312 473
45 206
274 435
231 392
61 222
36 197
186 347
50 211
33 194
34 195
84 245
116 277
40 201
126 287
62 223
179 340
36 197
281 442
286 447
126 287
153 314
111 272
137 298
188 349
65 226
313 474
72 233
185 346
312 473
128 289
256 417
252 413
202 363
255 416
127 288
134 295
260 421
56 217
288 449
115 276
190 351
81 242
171 332
176 337
130 291
80 241
198 359
204 365
199 360
304 465
194 355
211 372
7 168
162 323
224 385
168 329
224 385
33 194
145 306
14 175
140 301
299 460
34 195
87 248
119 280
46 207
148 309
114 275
225 386
59 220
315 476
116 277
148 309
113 274
192 353
73 234
270 431
243 404
12 173
127 288
61 222
73 234
44 205
313 474
269 430
32 193
51 212
118 279
172 333
227 388
15 176
165 326
220 381
274 435
69 230
235 396
11 172
211 372
84 245
299 460
188 349
314 475
161 322
89 250
134 295
319 480
135 296
154 315
4 165
25 186
131 292
172 333
81 242
84 245
91 252
161 322
117 278
143 304
194 355
255 416
247 408
74 235
133 294
56 217
163 324
57;5450
3 164
230 391
91 252
86 247
273 434
111 272
187 348
301 462
184 345
23 184
111 272
201 362
185 346
116 277
311 472
183 344
254 415
229 390
259 420
263 424
270 431
167 328
204 365
93 254
60 221
183 344
169 330
55 216
40 201
59 220
79 240
149 310
24 185
167 328
215 376
130 291
177 338
78 239
95 256
173 334
298 459
42 203
0 161
137 298
298 459
106 267
229 390
242 403
39 200
43 204
285 446
220 381
315 476
60 221
76 237
126 287
208 369
215 376
219 380
33 194
195 356
83 244
54 215
287 448
178 339
246 407
3 164
302 463
270 431
78 239
198 359
67 228
287 448
202 363
124 285
312 473
7 168
313 474
155 316
307 468
307 468
28 189
40 201
192 353
201 362
176 337
278 439
148 309
231 392
208 369
283 444
250 411
201 362
282 443
69 230
69 230
23 184
191 352
228 389
70 231
203 364
45 206
149 310
68 229
133 294
182 343
86 247
64 225
210 371
284 445
3 164
173 334
132 293
271 432
239 400
213 374
301 462
216 377
278 439
134 295
145 306
138 299
89 250
300 461
215 376
82 243
62 223
299 460
119 280
279 440
239 400
311 472
222 383
120 281
120 281
230 391
202 363
282 443
131 292
10 171
40 201
259 420
231 392
45 206
271 432
114 275
312 473
308 469
256 417
197 358
300 461
228 389
253 414
215 376
12 173
212 373
289 450
28 189
42 203
60 221
257 418
199 360
235 396
88 249
313 474
239 400
246 407
291 452
247 408
96 257
197 358
321 482
37 198
69 230
63 224
58;5450
312 473
321 482
201 362
149 310
32 193
297 458
145 306
3 164
311 472
191 352
235 396
151 312
219 380
120 281
261 422
38 199
22 183
62 223
80 241
67 228
48 209
263 424
6 167
7 168
173 334
136 297
235 396
299 460
269 430
46 207
94 255
116 277
39 200
113 274
200 361
177 338
288 449
39 200
151 312
208 369
214 375
123 284
314 475
114 275
299 460
19 180
84 245
20 181
283 444
25 186
225 386
180 341
21 182
309 470
48 209
209 370
249 410
216 377
191 352
42 203
211 372
132 293
68 229
60 221
145 306
27 188
225 386
188 349
67 228
130 291
248 409
25 186
249 410
232 393
123 284
9 170
63 224
66 227
247 408
152 313
321 482
121 282
226 387
150 311
113 274
318 479
68 229
183 344
99 260
171 332
7 168
50 211
310 471
80 241
0 161
203 364
294 455
94 255
11 172
141 302
193 354
244 405
102 263
190 351
285 446
210 371
306 467
210 371
132 293
147 308
288 449
212 373
81 242
157 318
222 383
308 469
91 252
129 290
65 226
42 203
57 218
234 395
121 282
233 394
41 202
59;5450
151 312
274 435
110 271
70 231
181 342
89 250
268 429
299 460
215 376
9 170
94 255
313 474
3 164
216 377
268 429
70 231
157 318
274 435
308 469
255 416
23 184
315 476
127 288
33 194
209 370
74 235
139 300
87 248
150 311
129 290
305 466
176 337
286 447
283 444
54 215
182 343
248 409
311 472
79 240
189 350
182 343
105 266
235 396
311 472
101 262
290 451
178 339
4 165
51 212
299 460
272 433
145 306
155 316
90 251
170 331
36 197
173 334
316 477
41 202
185 346
239 400
234 395
290 451
39 200
203 364
54 215
232 393
107 268
147 308
293 454
60 221
61 222
219 380
236 397
5 166
66 227
142 303
258 419
203 364
111 272
38 199
270 431
241 402
117 278
40 201
259 420
12 173
152 313
312 473
104 265
318 479
17 178
75 236
306 467
80 241
262 423
22 183
243 404
5 166
141 302
38 199
310 471
60;5450
